Agnes Scott College,0012K00001ba7cJ
American Jewish University,0012K00001bZDuy
American University,0012K00001bZDx1
Amherst College,0012K00001bZDwM
Arizona State University,0012K00001bZDv8
Auburn University,0012K00001bb25m
Babson College,0012K00001ba7ZF
Bard College,0012K00001bZDeS
Barnard College,0012K00001bZDeh
Bates College,0012K00001bZE5z
Berkeley City College,0012K00001bZDwg
Berklee College of Music,0012K00001ba7aN
Boston College,0012K00001bZE6E
Boston University,0012K00001bZE6O
Bowdoin College,0012K00001bZEIF
Brandeis University,0011N00001o8sZO
Brooklyn Law School,0012K00001ba7Yz
Brown University,0012K00001bZE75
Bryn Mawr College,0012K00001bZDew
"California State University, Bakersfield",0012K00001bZDuz
"California State University, Channel Islands",0012K00001bZDtD
"California State University, Chico",0012K00001bZWt2
"California State University, Dominguez Hills",0012K00001bZWnZ
"California State University, East Bay",0012K00001bZWtG
"California State University, Fresno",0012K00001bZWta
"California State University, Fullerton",0012K00001bZWmo
"California State University, Humboldt",0012K00001bZWtk
"California State University, Long Beach",0012K00001bZWoG
"California State University, Los Angeles",0012K00001bZWoQ
"California State University, Maritime",0012K00001bZWtb
"California State University, Monterey Bay",0012K00001bZWty
"California State University, Northridge",0012K00001bZWoc
"California State University, Pomona",0012K00001bZWoh
"California State University, Sacramento",0012K00001bZWuD
"California State University, San Bernadino",0012K00001bZWp1
"California State University, San Diego",0012K00001bZWoi
"California State University, San Fransisco",0012K00001bZWuO
"California State University, San Jose",0012K00001bZWuY
"California State University, San Luis Obispo (Cal Poly SLO)",0012K00001bZWoj
"California State University, San Marcos",0012K00001bZWpW
"California State University, Sonoma",0012K00001bZWud
"California State University, Stanislaus",0012K00001bZWui
Capital University,0012K00001bb21Q
Carleton College,0012K00001bZDw7
Carnegie Mellon University,0012K00001bZDei
Case Western Reserve University,0012K00001ba7bV
Cerrito College,0012K00001ba7bQ
Chapman University,0012K00001bZWq1
"City University of New York, Baruch College",0012K00001bZDhJ
"City University of New York, Brooklyn College",0012K00001bZDhV
"City University of New York, City College of New York",0012K00001bZDgC
"City University of New York, College of Staten Island",0012K00001bZDhp
"City University of New York, Hunter College",0012K00001bZDhz
"City University of New York, John Jay College of Criminal Justice",0012K00001bZDi4
"City University of New York, Lehman College",0012K00001bZDex
"City University of New York, Macaulay Honors College",0012K00001bZDi5
"City University of New York, Medgar Evers College",0012K00001bZDiq
"City University of New York, Queens College",0012K00001bZDj0
"Claremont College, Harvey Mudd College",0012K00001ba7bG
"Claremont College, Pitzer College",0012K00001bZWqb
"Claremont College, Pomona College",0012K00001bZWql
"Claremont College, Scripps College",0012K00001bZWqm
Claremont McKenna College,0012K00001bZWq6
Clark University,0012K00001bZE7A
Colby College,0012K00001bZEEh
Colgate University,0012K00001bZDir
College of Saint Rose,0012K00001bb21y
Colorado College,0012K00001bZWq7
Colorado School of Mines,0012K00001ba7aP
"Colorado State University, Fort Collins",0012K00001bZWsl
Columbia College Chicago,0012K00001ba7ba
Columbia University,0012K00001bZDis
Columbus State Community College,0012K00001bb23q
Community College of Philadelphia,0012K00001ba7Z9
Cornell University,0012K00001bZDnp
Cuyahoga Community College,0012K00001ba7bR
Dartmouth College,0012K00001bZE7U
DePaul University,0012K00001bZDyY
Dickinson College,0012K00001bZDqC
Drew University,0012K00001ba7ZE
Drexel University,0012K00001bZDbz
Duke University,0012K00001bZDxN
Earlham College,0012K00001bZE0R
Eastern Michigan University,0012K00001ba7bk
Elon University,0012K00001bZEGl
Emerson College,0012K00001bZE7l
Emory University,0012K00001bZEK0
Evergreen State College,0012K00001bZWvn
Florida International University,0012K00001bZEKR
Florida Southwestern State College,0012K00001bb24t
Florida State University,0012K00001bZEKg
Fordham University,0012K00001ba7ZJ
Franklin and Marshall College,0012K00001bZDcO
George Mason University,0012K00001bZEOl
Georgetown University,0012K00001bZEKM
George Washington University,0012K00001bZEKA
Georgia Institute of Technology,0012K00001ba7cO
Georgia State University,0012K00001bZEMB
Gettysburg College,0012K00001bZENz
Gordon College,0012K00001bb21O
Goucher College,0012K00001bZEMo
Guilford College,0012K00001bb25l
Hamilton College,0012K00001bZDqd
Hampshire College,0012K00001bZE9Z
Harvard University,0012K00001bZECT
Haverford College,0012K00001bZDqs
Hebrew College,0012K00001bZECi
Hofstra University,0012K00001ba7ZK
Howard Community College,0012K00001ba7cZ
Husson University,0012K00001bb21F
Illinois Institute of Technology,0012K00001bb24F
Indiana University,0012K00001bZE0g
Ithaca College,0012K00001bZDqt
Jacksonville University,0012K00001bb23r
Jewish Theological Seminary,0012K00001bZDrH
Johns Hopkins University,0012K00001bZEMy
Kansas State University,0012K00001ba7bp
Kent State University,0012K00001ba7bu
Kenyon College,0012K00001bZE0l
Lawrence University,0012K00001ba7c9
Lehigh University,0012K00001bZDrb
Lesley University,0012K00001bNsqB
Lewis and Clark College,0012K00001bZWx1
Long Island University,0012K00001ba7ZT
Los Angeles Valley College,0012K00001bZWqG
Louisiana State University,0012K00001ba7cd
Loyola University,0012K00001bZE0v
Macalester College,0012K00001bZE1K
Marquette University,0012K00001bZE2A
Maryland Institute College of Art,0012K00001bZEN8
Massachusetts Institute of Technology,0012K00001bZECj
McGill University,0012K00001ba9a9
Mercer University,0012K00001bZEMP
Michigan State University,0012K00001bZE2P
Middlebury College,0012K00001bZECx
Mills College,0012K00001bZWuj
"Minnesota State University, Mankato",0012K00001bb23p
Montclair State University,0012K00001bZDsQ
Montgomery College,0012K00001bZENP
Mount Holyoke College,0012K00001bZED8
Muhlenberg College,0012K00001bZDsf
New College of Florida,0012K00001bZEKB
New Mexico State University,0012K00001dq3Ap
New York University,0012K00001bZDsg
Northeastern University,0012K00001bZEDO
Northern Arizona University,0012K00001bZDzC
Northwestern University,0012K00001bZE2e
Oakton Community College,0012K00001bZE2B
Oberlin College,0012K00001bZE2o
Occidental College,0012K00001bZWqL
Ohio State University,0012K00001bZE2y
Ohio University,0012K00001bZE33
Old Dominion University,0012K00001bb23s
Oregon State University,0012K00001bZWxB
Oxford University,0012K00001ba9aE
Pace University,0012K00001bb22c
Pacific Graduate Institute,0012K00001ba7b6
Pasadena City College,0012K00001bZWqW
Pennsylvania State University,0012K00001bZDsk
Portland Community College,0012K00001ba7ah
Portland State University,0012K00001bZWx2
Pratt Institute,0012K00001ba7ZY
Princeton University,0012K00001bZDsz
Purdue University,0012K00001bZE34
Reconstructionist Rabbinical College,0012K00001bZDtB
Reed College,0012K00001bZWxV
Rhode Island School of Design,0012K00001bZEDT
Rice College,0012K00001bZWmn
Rochester Institute of Technology,0012K00001ba7ZU
Rutgers University,0012K00001bZDtQ
Saint Mary-of-the-Woods College,0012K00001bb236
San Jose State University,0012K00001dpion
Santa Monica College,0012K00001ba7an
Santa Rosa Junior College,0012K00001ba7am
Sarah Lawrence College,0012K00001ba7Zi
School of the Art Institute Chicago,0012K00001bZE3M
Seattle University,0012K00001bZWvN
Seton Hall University,0012K00001bZDtl
Simmons University,0012K00001ba7aO
Skidmore College,0012K00001bZDtv
Smith College,0012K00001bZEDd
St. Edwards University,0012K00001bb21E
St. John's University,0012K00001ba7Zn
St. Louis Community College,0012K00001bZE3W
Stanford University,0012K00001bZWuk
"State University of New York, Albany",0012K00001bZDt1
"State University of New York, Binghampton",0012K00001bZDtw
"State University of New York, Buffalo",0012K00001bZDuK
"State University of New York, Downstate College of Medicine",0012K00001ba7Zs
"State University of New York, Fredonia",0012K00001ba7ZZ
"State University of New York, Oneonta",0012K00001bZDt2
"State University of New York, Stony Brook",0012K00001bZDtC
"State University of New York, Ulster",0012K00001ba7a7
Swarthmore College,0012K00001bZDlx
Syracuse University,0012K00001bZDlR
Temple University,0012K00001bZDkn
Texas Tech University,0012K00001bZWnO
The College of New Jersey,0012K00001ba7Zx
The New School,0012K00001bZDk8
Towson University,0012K00001bZENZ
Trinity College,0012K00001ba9Zw
Tufts University,0012K00001bZEDn
Tulane University,0012K00001bZEMU
University of Akron,0012K00001bb24s
University of Alabama,0012K00001ba7cK
University of Arizona,0012K00001bZWmi
University of British Columbia,0012K00001ba9Zx
"University of California, Berkeley",0012K00001bZWux
"University of California, Davis",0012K00001bZWv7
"University of California, Irvine",0012K00001bZWrR
"University of California, Los Angeles",0012K00001bZWrQ
"University of California, Merced",0012K00001bZWvM
"University of California, San Diego",0012K00001bZWrP
"University of California, Santa Barbara",0012K00001bZWrF
"University of California, Santa Cruz",0012K00001bZWuy
University of Central Florida,0012K00001bZELq
University of Chicago,0012K00001bZE2Q
University of Cincinnati,0012K00001bb24E
"University of Colorado, Boulder",0012K00001bZWsq
University of Connecticut,0012K00001bZEDs
University of Denver,0012K00001bZWt1
University of Edinburgh,0012K00001ba9aZ
University of Florida,0012K00001bZELv
University of Georgia,0012K00001ba7cL
University of Houston,0012K00001bZWnY
"University of Illinois, Chicago",0012K00001bZE3b
"University of Illinois, Urbana Champaign",0012K00001bZE3g
University of Indianapolis,0012K00001bb21P
University of Kentucky,0012K00001bb20U
University of Maine,0012K00001ba7aX
"University of Maryland, Baltimore County",0012K00001bZENj
"University of Maryland, College Park",0012K00001bZENo
"University of Massachusetts, Amherst",0012K00001bZEEg
"University of Massachusetts, Lowell",0012K00001bZEEl
University of Memphis,0012K00001bb265
University of Miami,0012K00001bZEMA
University of Michigan,0012K00001bZE3v
University of Minnesota,0012K00001bZE45
"University of Missouri, Kansas City",0012K00001bb24n
"University of Nevada, Las Vegas",0012K00001bZWwM
"University of Nevada, Reno",0012K00001bZWwc
"University of North Carolina, Asheville",0012K00001ba7cn
"University of North Carolina, Chapel Hill",0012K00001bZEOP
University of Notre Dame,0012K00001bZE4A
University of Oregon,0012K00001bZWxk
University of Pennsylvania,0012K00001bZDhK
University of Pittsburg,0012K00001bZDjH
University of Puget Sound,0012K00001bZWw7
University of Rochester,0012K00001bZDjG
University of Southern California,0012K00001bZWrA
University of St Andrews,0012K00001ba9aj
University of Sydney,0012K00001ba9at
"University of Texas, Austin",0012K00001bZWnm
"University of Texas, Dallas",0012K00001bZWnr
"University of Texas, San Antonio",0012K00001ba7ai
University of Utah,0012K00001bZWw8
University of Vermont,0012K00001bZEEm
University of Virginia,0012K00001bZENQ
University of Washington,0012K00001bZWw2
"University of Wisconsin, Madison",0012K00001bZE4j
"University of Wisconsin, Milwaukee",0012K00001bZE2C
Vanderbilt University,0012K00001bZEO8
Vassar College,0012K00001bZDje
Virginia Commonwealth University,0012K00001ba7cs
Wagner College,0012K00001ba7aC
Washington and Lee University,0012K00001ba7ce
Washington University St. Louis,0012K00001bZE53
Wayne State University,0012K00001bZE58
Wellesley College,0012K00001bZEF5
Wesleyan University,0012K00001bZEE7
Western Washington University,0012K00001bZWvm
Westminster College,0012K00001ba7aY
Wheaton College,0012K00001bZWsG
Whitman College,0012K00001bZWvh
Willamette University,0012K00001bZWxu
William and Mary College,0012K00001bZENy
Williams College,0012K00001bZEFF
Yale University,0012K00001bZDjK
Yeshiva University,0012K00001bZDjF